"","X","sub","item","cond","seq.x","SFIX","EFIX","xPos","yPos","fix_num","fix_dur","sacc_dur","sent","line","word","word.1","char_trial","char_line","wordID","land_pos","sacc_len","outOfBnds","outsideText","time_since_start","reMapped","word_line","max_char_line","regress","regress2nd","Rtn_sweep","Rtn_sweep_type","filename","prev_RS","next_RS","prevChar","nextChar","prevX","nextX","prevY","prev_max_char_line","launchSite","landStart","undersweep_prob","prevEFIX","...1","seq.y","Bnd_loc","tCross","tStarted","tCompleted","tChange","tActualChange","nextFlag","tNextFlag","tChangetoFixOnset","DS_in_RS"
"1",7,1,47,2,1,1273972,1274113,344.4,713.6,7,141,73,1,2,15,15,64,2,"perfect",2,58,0,0,2217,0,1,49,0,NA,1,"undersweep","C:/Data/corr_sacc/asc/JITT1.asc",0,0,60,NA,1393,313.8,487.8,62,2,2,1,1273898,1,1,NA,1273937,1273937,1273938,1,1,"SFIX",1273972,-34,1
"2",34,1,85,1,2,1284411,1284538,466.3,673.3,10,127,61,1,2,12,12,62,7,"he",2,46,0,0,2779,0,2,49,0,NA,1,"undersweep","C:/Data/corr_sacc/asc/JITT1.asc",0,0,53,1,1292.4,366,495,55,2,7,1,1284349,2,2,NA,1284384,1284384,1284385,1,1,"SFIX",1284411,-26,1
"3",60,1,25,1,3,1299537,1299687,516.2,708,17,150,54,1,2,12,12,63,9,"claimed",5,42,0,0,4251,0,2,45,0,NA,1,"undersweep","C:/Data/corr_sacc/asc/JITT1.asc",0,0,51,4,1276,430.1,474.9,54,3,9,1,1299482,3,3,NA,1299523,1299523,1299524,1,1,"SFIX",1299537,-13,1
"4",77,1,73,1,4,1308489,1308643,455.3,696,7,154,61,1,2,9,9,59,6,"was",2,44,0,0,1929,0,2,42,0,NA,1,"undersweep","C:/Data/corr_sacc/asc/JITT1.asc",0,0,50,4,1240.1,409.9,476.1,53,3,6,1,1308427,4,4,NA,1308461,1308461,1308462,1,1,"SFIX",1308489,-27,1
"5",100,1,55,1,5,1327100,1327470,292.7,712.3,14,370,73,1,2,9,9,56,5,"intriguing",5,44,0,0,4307,0,1,45,0,NA,1,"accurate","C:/Data/corr_sacc/asc/JITT1.asc",0,0,49,14,1096.8,455.5,510.5,51,2,5,0,1327026,5,5,NA,1327056,1327056,1327058,2,2,"SFIX",1327100,-42,1
"6",114,1,35,2,6,1346657,1346813,277.3,710.1,7,156,63,1,2,11,11,58,4,"jumped",4,46,0,0,2232,0,1,51,0,NA,1,"undersweep","C:/Data/corr_sacc/asc/JITT1.asc",0,0,50,NA,1114.6,216.1,518.8,54,4,4,1,1346593,6,6,NA,1346632,1346632,1346634,2,2,"SFIX",1346657,-23,1
"7",136,1,23,2,7,1361441,1361605,318.1,712.4,8,164,77,1,2,14,14,57,3,"met",0,49,0,0,2404,0,2,46,0,NA,1,"undersweep","C:/Data/corr_sacc/asc/JITT1.asc",0,0,52,NA,1202.2,262,514.9,54,2,3,1,1361363,7,7,NA,1361399,1361399,1361400,1,1,"SFIX",1361441,-41,1
"8",164,1,30,3,8,1381067,1381353,422.6,685.6,14,286,73,1,2,14,14,74,7,"the",0,57,0,0,3936,0,2,40,0,NA,1,"accurate","C:/Data/corr_sacc/asc/JITT1.asc",0,0,64,15,1434.1,563.8,493.1,67,3,7,0,1380993,8,8,NA,1381032,1381032,1381037,5,5,"SFIX",1381067,-30,1
"9",183,1,49,1,9,1392131,1392329,356.7,707.3,10,198,56,1,2,9,9,45,4,"generate",4,32,0,0,2922,0,1,56,0,NA,1,"accurate","C:/Data/corr_sacc/asc/JITT1.asc",0,0,36,14,934.1,537.2,479.8,41,5,4,0,1392074,9,9,NA,1392099,1392099,1392106,7,7,"SFIX",1392131,-25,1
"10",207,1,14,2,10,1402692,1402846,392.2,697.7,13,154,83,1,2,13,13,68,3,"who",3,61,0,0,3245,0,1,56,0,NA,1,"undersweep","C:/Data/corr_sacc/asc/JITT1.asc",0,0,64,NA,1477.6,327.3,481.5,65,1,3,1,1402608,10,10,NA,1402645,1402645,1402650,5,5,"SFIX",1402692,-42,1
"11",230,1,80,2,11,1427654,1427781,389.7,716.7,9,127,91,1,2,14,14,75,10,"is",1,50,0,0,2707,0,3,37,0,NA,1,"undersweep","C:/Data/corr_sacc/asc/JITT1.asc",0,0,60,2,1300.1,250.7,468.4,65,5,10,1,1427562,11,11,NA,1427626,1427626,1427627,1,1,"SFIX",1427654,-27,1
"12",247,1,17,2,12,1434042,1434210,431.7,694.8,8,168,60,1,2,12,12,61,7,"bothered",3,41,0,0,2162,0,2,61,0,NA,1,"undersweep","C:/Data/corr_sacc/asc/JITT1.asc",0,0,48,NA,1182.4,318.4,483.5,54,6,7,1,1433981,12,12,NA,1434011,1434011,1434015,4,4,"SFIX",1434042,-27,1
"13",273,1,44,2,13,1461751,1461899,267.4,711.5,9,148,68,1,2,9,9,59,4,"annoyed",4,43,0,0,2321,0,1,44,0,NA,1,"undersweep","C:/Data/corr_sacc/asc/JITT1.asc",0,0,47,NA,1044.1,195.6,511.4,55,8,4,1,1461682,13,13,NA,1461718,1461718,1461719,1,1,"SFIX",1461751,-32,1
"14",294,1,79,1,14,1494864,1494991,474.8,662.8,10,127,53,1,2,13,13,64,11,"after",3,37,0,0,2971,0,2,44,0,NA,1,"undersweep","C:/Data/corr_sacc/asc/JITT1.asc",0,0,48,4,1137.8,338,479.8,53,5,11,1,1494810,14,14,NA,1494846,1494846,1494848,2,2,"SFIX",1494864,-16,1
"15",317,1,40,1,15,1546094,1546192,434,702.9,9,98,68,1,2,14,14,78,13,"college",0,45,0,0,2761,0,3,32,0,NA,1,"undersweep","C:/Data/corr_sacc/asc/JITT1.asc",0,0,58,4,1250.4,278.1,527.5,65,7,13,1,1546025,15,15,NA,1546057,1546057,1546061,4,4,"SFIX",1546094,-33,1
"16",338,1,19,1,16,1557758,1557951,410.2,675.8,12,193,57,1,2,13,13,60,6,"forgotten",2,46,0,0,5856,0,2,43,0,NA,1,"undersweep","C:/Data/corr_sacc/asc/JITT1.asc",0,0,52,5,1231.9,385.5,505.8,54,2,6,1,1557700,16,16,NA,1557737,1557737,1557738,1,1,"SFIX",1557758,-20,1
"17",360,1,67,1,17,1569514,1569739,311.2,713.2,9,225,66,1,2,12,12,59,5,"her",1,48,0,0,2459,0,2,45,0,NA,1,"accurate","C:/Data/corr_sacc/asc/JITT1.asc",0,0,53,12,1172.8,433.2,518.2,54,1,5,0,1569447,17,17,NA,1569474,1569474,1569478,4,4,"SFIX",1569514,-36,1
"18",379,1,34,1,18,1586850,1587122,337.9,690.9,10,272,73,1,2,14,14,71,5,"were",1,54,0,0,3868,0,2,55,0,NA,1,"accurate","C:/Data/corr_sacc/asc/JITT1.asc",0,0,59,13,1318.2,496.2,494.3,66,7,5,0,1586776,18,18,NA,1586813,1586813,1586814,1,1,"SFIX",1586850,-36,1
"19",403,1,88,1,19,1597562,1597708,489.8,728.3,10,146,69,1,2,13,13,71,6,"our",1,52,0,0,2930,0,2,62,0,NA,1,"undersweep","C:/Data/corr_sacc/asc/JITT1.asc",0,0,58,4,1439.8,462,515.5,65,7,6,1,1597492,19,19,NA,1597527,1597527,1597533,6,6,"SFIX",1597562,-29,1
"20",432,1,78,3,20,1607393,1607604,450.5,730,11,211,78,1,2,13,13,73,7,"solo",1,NA,0,0,3241,1,2,38,0,NA,1,"accurate","C:/Data/corr_sacc/asc/JITT1.asc",0,0,NA,14,1552.9,582.1,525.4,66,NA,7,0,1607314,20,20,NA,1607348,1607348,1607349,1,1,"SFIX",1607393,-44,1
"21",450,1,39,3,21,1631739,1631946,281.7,695.6,8,207,73,1,2,12,12,58,4,"money",4,43,0,0,2746,0,1,45,0,NA,1,"accurate","C:/Data/corr_sacc/asc/JITT1.asc",0,0,47,10,1058.3,378.7,500.5,54,7,4,0,1631665,21,21,NA,1631712,1631712,1631714,2,2,"SFIX",1631739,-25,1
"22",476,1,68,2,22,1667672,1668137,300.8,670.9,13,465,24,1,2,14,14,70,3,"year",3,5,0,0,4535,0,1,59,0,NA,1,"accurate","C:/Data/corr_sacc/asc/JITT1.asc",0,1,62,8,1357.3,379.3,470.9,67,51,3,NA,1667647,22,22,NA,1667409,1667409,1667410,1,1,"SFIX",1667573,-163,0
"23",499,1,89,2,23,1693046,1693189,456.7,686.8,9,143,78,1,2,12,12,58,4,"had",0,45,0,0,2704,0,2,44,0,NA,1,"undersweep","C:/Data/corr_sacc/asc/JITT1.asc",0,0,49,NA,1266.9,380.1,505,54,5,4,1,1692967,23,23,NA,1693001,1693001,1693003,2,2,"SFIX",1693046,-43,1
"24",518,1,51,3,24,1699904,1700165,537.2,682.6,8,261,67,1,2,10,10,63,8,"stunning",8,45,0,0,2476,0,1,50,0,NA,1,"accurate","C:/Data/corr_sacc/asc/JITT1.asc",0,0,53,18,1348.8,707.5,496.9,55,2,8,0,1699836,24,24,NA,1699868,1699868,1699872,4,4,"SFIX",1699904,-32,1
"25",534,1,43,1,25,1718432,1718640,360.1,716.1,8,208,78,1,2,9,9,58,6,"expensive",6,46,0,0,2813,0,1,43,0,NA,1,"accurate","C:/Data/corr_sacc/asc/JITT1.asc",0,0,52,13,1184.7,484.9,507.8,52,0,6,0,1718353,25,25,NA,1718390,1718390,1718394,4,4,"SFIX",1718432,-38,1
"26",551,1,12,3,26,1729282,1729505,465.9,712.1,10,223,77,1,2,16,16,71,6,"indoors",1,59,0,0,4074,0,2,46,0,NA,1,"accurate","C:/Data/corr_sacc/asc/JITT1.asc",0,0,65,14,1525.7,611,498.8,65,0,6,0,1729204,26,26,NA,1729242,1729242,1729248,6,6,"SFIX",1729282,-34,1
"27",576,1,37,1,27,1741064,1741212,367.2,730.6,12,148,45,1,2,12,12,62,7,"be",1,25,0,0,3272,0,2,49,0,NA,1,"undersweep","C:/Data/corr_sacc/asc/JITT1.asc",0,0,32,5,816.4,331.1,508,55,23,7,1,1741018,27,27,NA,1741040,1741040,1741043,3,3,"SFIX",1741064,-21,1
"28",595,1,11,2,28,1750856,1751004,532.8,680.9,9,148,47,1,2,16,16,68,14,"were",1,30,0,0,2672,0,4,34,0,NA,1,"undersweep","C:/Data/corr_sacc/asc/JITT1.asc",0,0,44,4,1069.5,347.6,505.1,54,10,14,1,1750808,28,28,NA,1750833,1750833,1750838,5,5,"SFIX",1750856,-18,1
"29",616,1,71,2,29,1761986,1762113,358.4,640.4,10,127,78,1,2,13,13,64,9,"after",4,42,0,0,2842,0,2,43,0,NA,1,"undersweep","C:/Data/corr_sacc/asc/JITT1.asc",0,0,51,4,1118,264.7,472.5,55,4,9,1,1761907,29,29,NA,1761959,1761959,1761960,1,1,"SFIX",1761986,-26,1
"30",638,1,60,3,30,1786256,1786441,483.6,710,11,185,96,1,2,11,11,65,7,"tremendous",7,47,0,0,3304,0,1,46,0,NA,1,"accurate","C:/Data/corr_sacc/asc/JITT1.asc",0,0,54,9,1330.2,524.9,486.9,58,4,7,0,1786159,30,30,NA,1786218,1786218,1786219,1,1,"SFIX",1786256,-37,1
"31",655,1,69,3,31,1795887,1796100,366.6,677.8,6,213,66,1,2,14,14,62,7,"high",1,41,0,0,1656,0,3,63,0,NA,1,"accurate","C:/Data/corr_sacc/asc/JITT1.asc",0,0,48,15,1100.6,508.8,471.9,55,7,7,0,1795820,31,31,NA,1795860,1795860,1795863,3,3,"SFIX",1795887,-24,1
"32",684,1,84,3,32,1812041,1812276,408.6,730.4,10,235,84,1,2,13,13,73,7,"three",2,57,0,0,2575,0,2,66,0,NA,1,"accurate","C:/Data/corr_sacc/asc/JITT1.asc",0,0,64,13,1442.3,520.2,516.6,66,2,7,0,1811956,32,32,NA,1812005,1812005,1812009,4,4,"SFIX",1812041,-32,1
"33",708,1,66,3,33,2029834,2030012,400.9,738.6,8,178,70,1,2,16,16,70,4,"that",4,53,0,0,2264,0,1,54,0,NA,1,"accurate","C:/Data/corr_sacc/asc/JITT1.asc",0,0,57,7,1363.9,467.8,514.3,66,9,4,0,2029763,33,33,NA,2029794,2029794,2029795,1,1,"SFIX",2029834,-39,1
"34",738,1,38,2,34,2062211,2062357,265.5,751.1,10,146,83,1,2,17,17,70,4,"the",1,59,0,0,2971,0,2,49,0,NA,1,"undersweep","C:/Data/corr_sacc/asc/JITT1.asc",0,0,63,2,1324.5,222.9,522.6,66,3,4,1,2062127,34,34,NA,2062170,2062170,2062176,6,6,"SFIX",2062211,-35,1
"35",763,1,3,3,35,2079252,2079482,430.5,688.9,9,230,71,1,2,13,13,61,6,"festival",0,47,0,0,3191,0,2,49,0,NA,1,"accurate","C:/Data/corr_sacc/asc/JITT1.asc",0,0,53,14,1266.7,566.1,510.6,55,2,6,0,2079180,35,35,NA,2079217,2079217,2079222,5,5,"SFIX",2079252,-30,1
"36",784,1,2,2,36,2089927,2090028,306.5,717.6,9,101,82,1,2,14,14,73,6,"was",2,59,0,0,2569,0,2,42,0,NA,1,"undersweep","C:/Data/corr_sacc/asc/JITT1.asc",0,0,65,2,1361.4,237.7,502.4,67,2,6,1,2089844,36,36,NA,2089880,2089880,2089881,1,1,"SFIX",2089927,-46,1
"37",809,1,50,2,37,2106233,2106353,309.6,672.9,10,120,63,1,2,13,13,66,5,"fearless",5,53,0,0,2442,0,1,50,0,NA,1,"undersweep","C:/Data/corr_sacc/asc/JITT1.asc",0,0,58,NA,1253.8,197.3,513,61,3,5,1,2106169,37,37,NA,2106213,2106213,2106215,2,2,"SFIX",2106233,-18,1
"38",830,1,59,2,38,2124887,2124995,312.5,693.3,8,108,74,1,2,12,12,55,6,"extremely",6,42,0,0,1719,0,1,39,0,NA,1,"undersweep","C:/Data/corr_sacc/asc/JITT1.asc",0,0,48,1,1065.9,223.5,514.9,49,1,6,1,2124812,38,38,NA,2124840,2124840,2124846,6,6,"SFIX",2124887,-41,1
"39",855,1,87,3,39,2141063,2141324,414.2,672.4,15,261,67,1,2,14,14,60,6,"he",0,46,0,0,8736,0,2,63,0,NA,1,"accurate","C:/Data/corr_sacc/asc/JITT1.asc",0,0,52,17,1230.2,595.9,476.4,54,2,6,0,2140995,39,39,NA,2141032,2141032,2141033,1,1,"SFIX",2141063,-30,1
"40",883,1,62,2,40,2150359,2150474,474.9,735.6,11,115,62,1,2,14,14,73,6,"though",6,56,0,0,3080,0,1,37,0,NA,1,"undersweep","C:/Data/corr_sacc/asc/JITT1.asc",0,0,62,NA,1475.5,355.1,529.9,67,5,6,1,2150296,40,40,NA,2150336,2150336,2150341,5,5,"SFIX",2150359,-18,1
"41",902,1,41,2,41,2186680,2186812,386.8,694.4,9,132,66,1,2,15,15,65,10,"to",2,39,0,0,2311,0,3,42,0,NA,1,"undersweep","C:/Data/corr_sacc/asc/JITT1.asc",0,0,49,NA,1090.3,192.6,510.2,55,6,10,1,2186613,41,41,NA,2186648,2186648,2186649,1,1,"SFIX",2186680,-31,1
"42",932,1,22,1,42,2234410,2234575,415.5,738.4,11,165,91,1,2,17,17,71,4,"to",0,56,0,0,3064,0,2,36,0,NA,1,"undersweep","C:/Data/corr_sacc/asc/JITT1.asc",0,0,60,3,1425,382.5,515.6,67,7,4,1,2234318,42,42,NA,2234370,2234370,2234372,2,2,"SFIX",2234410,-38,1
"43",953,1,57,3,43,2243469,2243777,512.4,642.6,9,308,76,1,2,11,11,60,9,"alcohol",1,42,0,0,2461,0,2,38,0,NA,1,"accurate","C:/Data/corr_sacc/asc/JITT1.asc",0,0,51,12,1272.3,564.1,472,51,0,9,0,2243392,43,43,NA,2243443,2243443,2243445,2,2,"SFIX",2243469,-24,1
"44",990,1,5,2,44,2264626,2264741,472.1,630.2,10,115,68,1,2,12,12,62,7,"some",1,45,0,0,2395,0,2,47,0,NA,1,"undersweep","C:/Data/corr_sacc/asc/JITT1.asc",0,0,52,1,1276.5,353.9,487.5,55,3,7,1,2264557,44,44,NA,2264597,2264597,2264599,2,2,"SFIX",2264626,-27,1
"45",1012,1,77,2,45,2273852,2273971,528.2,668,8,119,64,1,2,12,12,63,8,"strong",3,42,0,0,1812,0,2,39,0,NA,1,"undersweep","C:/Data/corr_sacc/asc/JITT1.asc",0,0,50,4,1293.9,452,494.6,55,5,8,1,2273787,45,45,NA,2273820,2273820,2273827,7,7,"SFIX",2273852,-25,1
"46",1030,1,7,1,46,2281574,2281737,430.5,670.7,9,163,56,1,2,13,13,61,7,"small",5,47,0,0,2425,0,2,40,0,NA,1,"undersweep","C:/Data/corr_sacc/asc/JITT1.asc",0,0,54,5,1271.7,388,497.7,54,0,7,1,2281517,46,46,NA,2281551,2281551,2281552,1,1,"SFIX",2281574,-22,1
"47",1052,1,26,2,47,2292453,2292562,507,682.6,10,109,75,1,2,15,15,72,7,"our",1,56,0,0,2956,0,2,52,0,NA,1,"undersweep","C:/Data/corr_sacc/asc/JITT1.asc",0,0,63,1,1523.8,408.4,480.3,65,2,7,1,2292377,47,47,NA,2292421,2292421,2292425,4,4,"SFIX",2292453,-28,1
"48",1076,1,33,3,48,2348632,2348814,469.5,679.6,8,182,56,1,2,11,11,58,5,"in",0,43,0,0,2324,0,2,45,0,NA,1,"accurate","C:/Data/corr_sacc/asc/JITT1.asc",0,0,48,9,1233.2,542.4,503.7,53,5,5,0,2348575,48,48,NA,2348614,2348614,2348614,0,0,"SFIX",2348632,-18,1
"49",1096,1,6,3,49,2392651,2392871,419.6,733.9,10,220,78,1,2,12,12,70,4,"because",4,55,0,0,2435,0,1,53,0,NA,1,"accurate","C:/Data/corr_sacc/asc/JITT1.asc",0,0,59,13,1416.9,589.4,537.7,66,7,4,0,2392572,49,49,NA,2392615,2392615,2392620,5,5,"SFIX",2392651,-31,1
"50",1118,1,46,1,50,2405817,2405960,500.4,700.3,10,143,120,1,2,11,11,65,8,"fearless",8,49,0,0,5025,0,1,51,0,NA,1,"undersweep","C:/Data/corr_sacc/asc/JITT1.asc",0,0,57,4,1371.2,422.7,500,57,0,8,1,2405696,50,50,NA,2405146,2405146,2405149,3,3,"SFIX",2405219,-70,0
"51",1140,1,31,1,51,2418051,2418237,367.2,717.8,11,186,106,1,2,13,13,61,8,"already",1,40,0,0,3367,0,3,70,0,NA,1,"undersweep","C:/Data/corr_sacc/asc/JITT1.asc",0,0,48,6,1083,330.3,494.6,53,5,8,1,2417944,51,51,NA,2418007,2418007,2418008,1,1,"SFIX",2418051,-43,1
"52",1167,1,16,1,52,2462299,2462441,449.3,679.6,12,142,75,1,2,15,15,75,8,"probably",4,59,0,0,3286,0,2,67,0,NA,1,"undersweep","C:/Data/corr_sacc/asc/JITT1.asc",0,0,67,5,1518.6,395,508.8,67,0,8,1,2462223,52,52,NA,2462273,2462273,2462278,5,5,"SFIX",2462299,-21,1
"53",1194,1,83,2,53,2474563,2474708,442.3,651.7,9,145,71,1,2,12,12,61,6,"charity",2,48,0,0,2728,0,2,57,0,NA,1,"undersweep","C:/Data/corr_sacc/asc/JITT1.asc",0,0,54,NA,1292.2,332.2,496.1,55,1,6,1,2474491,53,53,NA,2474536,2474536,2474538,2,2,"SFIX",2474563,-25,1
"54",1216,1,81,3,54,2519377,2519616,440.5,667.2,8,239,54,1,2,12,12,64,10,"parents",4,37,0,0,2702,0,2,60,0,NA,1,"accurate","C:/Data/corr_sacc/asc/JITT1.asc",0,0,47,11,1108.9,453.4,495.3,54,7,10,0,2519322,54,54,NA,2519364,2519364,2519365,1,1,"SFIX",2519377,-12,1
"55",1237,1,8,2,55,2526338,2526453,487.9,634.8,8,115,57,1,2,17,17,78,13,"whole",3,45,0,0,2265,0,3,66,0,NA,1,"undersweep","C:/Data/corr_sacc/asc/JITT1.asc",0,0,58,3,1304.6,309.5,490.4,65,7,13,1,2526280,55,55,NA,2526331,2526331,2526334,3,3,"SFIX",2526338,-4,1
"56",1264,1,56,2,56,2551262,2551379,393.5,668.4,11,117,55,1,2,11,11,62,9,"pastries",0,43,0,0,3044,0,2,41,0,NA,1,"undersweep","C:/Data/corr_sacc/asc/JITT1.asc",0,0,52,4,1158.9,290.6,506.7,53,1,9,1,2551206,56,56,NA,2551238,2551238,2551244,6,6,"SFIX",2551262,-18,1
"57",1281,1,53,2,57,2562016,2562145,347.7,664.4,7,129,66,1,2,11,11,52,5,"sinister",5,40,0,0,1695,0,1,45,0,NA,1,"undersweep","C:/Data/corr_sacc/asc/JITT1.asc",0,0,45,2,1060.5,289.9,527.4,47,2,5,1,2561949,57,57,NA,2561984,2561984,2561985,1,1,"SFIX",2562016,-31,1
"58",1300,1,29,2,58,2581125,2581251,380.3,676.6,7,126,54,1,2,11,11,63,10,"all",2,42,0,0,2183,0,2,68,0,NA,1,"undersweep","C:/Data/corr_sacc/asc/JITT1.asc",0,0,52,2,1147.7,233.3,510.5,53,1,10,1,2581070,58,58,NA,2581109,2581109,2581111,2,2,"SFIX",2581125,-14,1
"59",1331,1,32,2,59,2615737,2615847,506.9,639.6,12,110,76,1,2,15,15,74,7,"the",1,57,0,0,4456,0,2,46,0,NA,1,"undersweep","C:/Data/corr_sacc/asc/JITT1.asc",0,0,64,NA,1535.8,394.5,510.5,67,3,7,1,2615660,59,59,NA,2615717,2615717,2615721,4,4,"SFIX",2615737,-16,1
"60",1351,1,58,1,60,2637016,2637381,313,678.1,7,365,64,1,2,9,9,50,3,"internet",3,39,0,0,1739,0,1,32,0,NA,1,"accurate","C:/Data/corr_sacc/asc/JITT1.asc",0,0,42,12,1010.7,461.5,524.1,47,5,3,0,2636951,60,60,NA,2636986,2636986,2636987,1,1,"SFIX",2637016,-29,1
"61",1366,1,63,3,61,2832517,2832745,440.6,680.7,8,228,70,1,2,11,11,59,5,"preparation",2,NA,0,0,2065,0,2,35,0,NA,1,"accurate","C:/Data/corr_sacc/asc/JITT1.asc",0,0,NA,11,1325.1,537.3,457.6,54,NA,5,0,2832446,61,61,NA,2832486,2832486,2832493,7,7,"SFIX",2832517,-24,1
"62",1387,1,24,3,62,2856355,2856561,412.6,725.1,9,206,70,1,2,14,14,70,5,"disappointed",0,56,0,0,2098,0,2,69,0,NA,1,"accurate","C:/Data/corr_sacc/asc/JITT1.asc",0,0,61,13,1430.1,548.9,482,65,4,5,0,2856284,62,62,NA,2856324,2856324,2856325,1,1,"SFIX",2856355,-30,1
"63",1411,1,27,3,63,2866437,2866699,477.3,687.7,8,262,66,1,2,11,11,62,7,"restaurant",7,47,0,0,2228,0,1,63,0,NA,1,"accurate","C:/Data/corr_sacc/asc/JITT1.asc",0,0,54,19,1332.4,707.6,489.6,55,1,7,0,2866370,63,63,NA,2866411,2866411,2866412,1,1,"SFIX",2866437,-25,1
"64",1436,1,90,3,64,2879772,2880026,458.8,704.2,9,254,86,1,2,12,12,71,6,"fluently,",6,NA,0,0,2399,0,1,66,0,NA,1,"accurate","C:/Data/corr_sacc/asc/JITT1.asc",0,0,NA,18,1524.4,673.7,518.1,65,NA,6,0,2879685,64,64,NA,2879727,2879727,2879734,7,7,"SFIX",2879772,-38,1
"65",1457,1,54,3,65,2887598,2887808,296.4,727.8,7,210,69,1,2,11,11,60,4,"poisonous",4,50,0,0,1941,0,1,52,0,NA,1,"accurate","C:/Data/corr_sacc/asc/JITT1.asc",0,0,54,8,1185,360.2,484.1,56,2,4,0,2887528,65,65,NA,2887572,2887572,2887574,2,2,"SFIX",2887598,-24,1
"66",1480,1,86,2,66,2914223,2914341,424,689.2,11,118,70,1,2,16,16,76,11,"designed",3,54,0,0,2596,0,3,46,0,NA,1,"undersweep","C:/Data/corr_sacc/asc/JITT1.asc",0,0,65,4,1392.4,294.6,478.7,65,0,11,1,2914152,66,66,NA,2914197,2914197,2914198,1,1,"SFIX",2914223,-25,1
"67",1502,1,72,3,67,2921503,2921697,395.9,725.2,8,194,85,1,2,13,13,72,6,"for",0,58,0,0,2269,0,2,42,0,NA,1,"accurate","C:/Data/corr_sacc/asc/JITT1.asc",0,0,64,14,1453.8,548.5,485.5,66,2,6,0,2921417,67,67,NA,2921458,2921458,2921459,1,1,"SFIX",2921503,-44,1
"68",1525,1,82,1,68,2937911,2938046,320.2,722.5,10,135,85,1,2,12,12,71,6,"she",0,49,0,0,2817,0,2,66,0,NA,1,"undersweep","C:/Data/corr_sacc/asc/JITT1.asc",0,0,55,3,1210.7,269.1,488.8,65,10,6,1,2937825,68,68,NA,2937866,2937866,2937867,1,1,"SFIX",2937911,-44,1
"69",1552,1,18,3,69,2953871,2954289,394.8,728,11,418,72,1,2,17,17,73,8,"headed",4,53,0,0,2845,0,2,47,0,NA,1,"accurate","C:/Data/corr_sacc/asc/JITT1.asc",0,0,61,18,1360.9,574.8,504.4,65,4,8,0,2953798,69,69,NA,2953836,2953836,2953842,6,6,"SFIX",2953871,-29,1
"70",1576,1,70,1,70,2970693,2971001,375.7,736.8,11,308,76,1,2,15,15,70,4,"huge",2,61,0,0,2671,0,2,68,0,NA,1,"accurate","C:/Data/corr_sacc/asc/JITT1.asc",0,0,65,13,1483.3,533.4,527.8,66,1,4,0,2970616,70,70,NA,2970650,2970650,2970651,1,1,"SFIX",2970693,-42,1
"71",1607,1,20,2,71,2996006,2996140,447.7,655.8,13,134,99,1,2,14,14,78,12,"dramatic",3,NA,0,0,4262,0,4,37,0,NA,1,"undersweep","C:/Data/corr_sacc/asc/JITT1.asc",0,0,NA,3,1421.6,275.3,486.9,66,NA,12,1,2995906,71,71,NA,2995975,2995975,2995976,1,1,"SFIX",2996006,-30,1
"72",1628,1,21,3,72,3005953,3006107,369.9,732.6,10,154,94,1,2,14,14,62,8,"flushed",0,46,0,0,2762,0,3,39,0,NA,1,"undersweep","C:/Data/corr_sacc/asc/JITT1.asc",0,0,54,4,1201.8,288.1,496.7,54,0,8,1,3005858,72,72,NA,3005899,3005899,3005900,1,1,"SFIX",3005953,-53,1
"73",1648,1,65,2,73,3031566,3031682,372.4,698.6,7,116,64,1,2,12,12,60,6,"good",3,46,0,0,1859,0,2,44,0,NA,1,"undersweep","C:/Data/corr_sacc/asc/JITT1.asc",0,0,52,NA,1204.5,272.4,504.6,54,2,6,1,3031501,73,73,NA,3031537,3031537,3031539,2,2,"SFIX",3031566,-27,1
"74",1670,1,1,1,74,3047945,3048213,424.7,714.4,8,268,57,1,2,13,13,65,11,"and",0,40,0,0,2383,0,3,63,0,NA,1,"undersweep","C:/Data/corr_sacc/asc/JITT1.asc",0,0,51,6,1151.3,337.7,502,54,3,11,1,3047887,74,74,NA,3047924,3047924,3047925,1,1,"SFIX",3047945,-20,1
"75",1696,1,42,3,75,3119635,3119960,528.1,668.9,11,325,71,1,2,16,16,76,11,"the",0,50,0,0,8479,0,3,41,0,NA,1,"accurate","C:/Data/corr_sacc/asc/JITT1.asc",0,0,61,17,1439.3,642.1,498.5,65,4,11,0,3119563,75,75,NA,3119607,3119607,3119610,3,3,"SFIX",3119635,-25,1
"76",1726,1,9,3,76,3138290,3138575,450.9,663.9,12,285,59,1,2,12,12,60,7,"barking",2,NA,0,0,3149,0,2,39,0,NA,1,"accurate","C:/Data/corr_sacc/asc/JITT1.asc",0,0,NA,15,1289.1,592.3,491.3,53,NA,7,0,3138230,76,76,NA,3138268,3138268,3138274,6,6,"SFIX",3138290,-16,1
"77",1745,1,45,3,77,3163714,3163896,411.7,720.5,11,182,76,1,2,13,13,75,9,"burglar",1,NA,0,0,4085,0,2,54,0,NA,1,"undersweep","C:/Data/corr_sacc/asc/JITT1.asc",0,0,NA,8,1471.3,392.8,500.4,66,NA,9,1,3163637,77,77,NA,3162953,3162953,3162959,6,6,"SFIX",3163020,-61,0
"78",1766,1,75,3,78,3173123,3173350,365.7,648.7,7,227,66,1,2,11,11,62,9,"the",2,40,0,0,3068,0,2,37,0,NA,1,"accurate","C:/Data/corr_sacc/asc/JITT1.asc",0,0,49,19,1088.3,537.7,482.3,53,4,9,0,3173056,78,78,NA,3173095,3173095,3173096,1,1,"SFIX",3173123,-27,1
"79",1785,1,28,1,79,3236160,3236390,366.1,684.6,10,230,75,1,2,12,12,72,7,"overseas,",7,52,0,0,3164,0,1,70,0,NA,1,"undersweep","C:/Data/corr_sacc/asc/JITT1.asc",0,0,59,4,1311.8,313.6,510.9,65,6,7,1,3236084,79,79,NA,3236122,3236122,3236123,1,1,"SFIX",3236160,-37,1
"80",1812,1,4,1,80,3257686,3257889,437.4,748.4,10,203,75,1,2,14,14,72,5,"they",2,56,0,0,2178,0,2,40,0,NA,1,"accurate","C:/Data/corr_sacc/asc/JITT1.asc",0,0,61,7,1448.6,473.4,501.5,67,6,5,0,3257610,80,80,NA,3257663,3257663,3257664,1,1,"SFIX",3257686,-22,1
"81",1836,1,64,1,81,3275351,3275477,529.9,716.4,11,126,77,1,2,14,14,74,8,"protect",4,51,0,0,2986,0,2,51,0,NA,1,"undersweep","C:/Data/corr_sacc/asc/JITT1.asc",0,0,59,2,1448.9,433.6,527,66,7,8,1,3275273,81,81,NA,3275316,3275316,3275317,1,1,"SFIX",3275351,-34,1
"82",1854,1,15,3,82,3297710,3297863,393,662.9,6,153,59,1,2,15,15,64,11,"in",0,35,0,0,2168,0,3,47,0,NA,1,"undersweep","C:/Data/corr_sacc/asc/JITT1.asc",0,0,46,7,1020.6,323.9,509.8,53,7,11,1,3297650,82,82,NA,3297679,3297679,3297681,2,2,"SFIX",3297710,-29,1
"83",1882,1,76,1,83,3308173,3308317,467.9,702.4,12,144,66,1,2,13,13,73,8,"look",3,NA,0,0,3326,0,2,45,0,NA,1,"undersweep","C:/Data/corr_sacc/asc/JITT1.asc",0,0,NA,7,1508.1,449.7,478.5,65,NA,8,1,3308106,83,83,NA,3308152,3308152,3308155,3,3,"SFIX",3308173,-18,1
"84",1903,1,61,1,84,3316273,3316400,533.3,680.9,9,127,69,1,2,15,15,65,11,"rolling",0,NA,0,0,3154,0,3,35,0,NA,1,"undersweep","C:/Data/corr_sacc/asc/JITT1.asc",0,0,NA,7,1320.5,457.3,512.5,54,NA,11,1,3316203,84,84,NA,3316237,3316237,3316239,2,2,"SFIX",3316273,-34,1
"85",1925,1,10,1,85,3325314,3325440,394.6,689.5,10,126,68,1,2,15,15,74,8,"the",3,55,0,0,4085,0,2,45,0,NA,1,"undersweep","C:/Data/corr_sacc/asc/JITT1.asc",0,0,63,5,1384,343.5,490.8,66,3,8,1,3325245,85,85,NA,3325282,3325282,3325284,2,2,"SFIX",3325314,-30,1
"86",1945,1,52,1,86,3340399,3340574,466.4,710.6,8,175,70,1,2,12,12,67,6,"powerful",6,52,0,0,2119,0,1,58,0,NA,1,"accurate","C:/Data/corr_sacc/asc/JITT1.asc",0,0,58,8,1400.2,493.3,489.5,61,3,6,0,3340328,86,86,NA,3340364,3340364,3340365,1,1,"SFIX",3340399,-34,1
"87",1969,1,13,1,87,3360259,3360467,415.8,668.7,8,208,60,2,2,12,12,60,5,"he",2,45,0,0,2506,0,2,46,0,NA,1,"accurate","C:/Data/corr_sacc/asc/JITT1.asc",0,0,50,12,1223.3,544.5,480.5,55,5,5,0,3360198,87,87,NA,3360240,3360240,3360247,7,7,"SFIX",3360259,-12,1
"88",1988,1,36,3,88,3369446,3369651,433.8,709.4,8,205,86,1,2,14,14,72,7,"overlooking",7,58,0,0,2053,0,1,52,0,NA,1,"accurate","C:/Data/corr_sacc/asc/JITT1.asc",0,0,65,15,1460.5,567.2,505.1,65,0,7,0,3369359,88,88,NA,3369397,3369397,3369398,1,1,"SFIX",3369446,-48,1
"89",2011,1,74,2,89,3382401,3382536,328.6,701.6,9,135,73,1,2,12,12,72,6,"pulled",6,55,0,0,6188,0,1,35,0,NA,1,"undersweep","C:/Data/corr_sacc/asc/JITT1.asc",0,0,61,2,1315.9,259,487,66,5,6,1,3382327,89,89,NA,3382359,3382359,3382360,1,1,"SFIX",3382401,-41,1
"90",2029,1,48,3,90,3402061,3402303,480.1,713.7,8,242,51,1,2,9,9,52,5,"fantastic",5,37,0,0,2010,0,1,47,0,NA,1,"accurate","C:/Data/corr_sacc/asc/JITT1.asc",0,0,42,17,1153.3,701.2,513,47,5,5,0,3402009,90,90,NA,3402038,3402038,3402039,1,1,"SFIX",3402061,-22,1
"91",2044,2,3,1,1,4701279,4701396,416.3,747.6,7,117,53,1,2,13,13,64,9,"festival",3,42,0,0,4112,0,2,49,0,NA,1,"undersweep","C:/Data/corr_sacc/asc/JITT2.asc",0,0,51,5,1173.5,330.8,582.5,55,4,9,1,4701225,91,1,NA,4701247,4701247,4701249,2,2,"SFIX",4701279,-30,1
"92",2074,2,19,2,2,4744028,4744119,525.9,694.1,9,91,49,1,2,13,13,65,11,"forgotten",7,38,0,0,2647,0,2,43,0,NA,1,"undersweep","C:/Data/corr_sacc/asc/JITT2.asc",0,0,49,5,1201.1,402.7,515.1,54,5,11,1,4743978,92,2,NA,4744011,4744011,4744012,1,1,"SFIX",4744028,-16,1
"93",2125,2,22,2,3,4773249,4773342,548,719.2,16,93,60,1,2,18,18,79,12,"argue",5,49,0,0,4512,0,3,36,0,NA,1,"undersweep","C:/Data/corr_sacc/asc/JITT2.asc",0,0,61,4,1427.4,399.3,536.7,67,6,12,1,4773188,93,3,NA,4773219,4773219,4773221,2,2,"SFIX",4773249,-28,1
"94",2155,2,65,3,4,4786948,4787073,517,695.8,10,125,64,1,2,13,13,66,12,"spirits",4,40,0,0,2789,0,3,44,0,NA,1,"undersweep","C:/Data/corr_sacc/asc/JITT2.asc",0,0,52,7,1240.3,427.6,497.3,54,2,12,1,4786883,94,4,NA,4786921,4786921,4786926,5,5,"SFIX",4786948,-22,1
"95",2193,2,88,2,5,4799763,4799893,351.8,710.2,15,130,60,1,2,13,13,71,6,"our",1,50,0,0,5291,0,2,62,0,NA,1,"undersweep","C:/Data/corr_sacc/asc/JITT2.asc",0,0,56,2,1258.4,273.9,528.4,65,9,6,1,4799702,95,5,NA,4797315,4797315,4797316,1,1,"SFIX",4797449,-133,0
"96",2245,2,27,1,6,4815801,4815903,553.3,718.1,9,102,63,1,2,12,12,67,12,"and",1,42,0,0,2463,0,2,63,0,NA,1,"undersweep","C:/Data/corr_sacc/asc/JITT2.asc",0,0,54,7,1310.5,461.3,555.8,55,1,12,1,4815737,96,6,NA,4815765,4815765,4815768,3,3,"SFIX",4815801,-33,1
"97",2278,2,83,3,7,4916538,4916636,436.1,673.8,13,98,18,1,2,12,12,64,9,"charity",5,5,0,0,7111,0,2,57,1,NA,1,"undersweep","C:/Data/corr_sacc/asc/JITT2.asc",0,1,47,6,1106.8,369.6,522.7,55,43,9,NA,4916519,97,7,NA,4916495,4916495,4916496,1,1,"SFIX",4916497,-1,0
"98",2309,2,86,3,8,4932107,4932219,569.9,687.5,16,112,68,1,2,16,16,77,12,"designed",4,NA,0,0,3957,0,3,46,0,NA,1,"undersweep","C:/Data/corr_sacc/asc/JITT2.asc",0,0,NA,9,1553.5,506.9,494.6,65,NA,12,1,4932038,98,8,NA,4930867,4930867,4930868,1,1,"SFIX",4930920,-52,0
"99",2355,2,2,3,9,4944044,4944210,414.7,755.5,14,166,24,1,2,15,15,75,8,"busy",0,7,0,0,3374,0,3,42,1,NA,1,"accurate","C:/Data/corr_sacc/asc/JITT2.asc",0,1,67,15,1482.9,551.4,505.4,67,27,8,NA,4944019,99,9,NA,4942730,4942730,4942735,5,5,"SFIX",4942837,-102,0
"100",2398,2,5,3,10,4958162,4958251,565.6,678.5,8,89,51,1,2,14,14,72,17,"the",3,32,0,0,2470,0,4,47,0,NA,1,"undersweep","C:/Data/corr_sacc/asc/JITT2.asc",0,0,49,10,1142.3,439.6,497.7,55,6,17,1,4958110,100,10,NA,4958142,4958142,4958143,1,1,"SFIX",4958162,-19,1
"101",2423,2,74,3,11,4978531,4978637,603.7,737.4,10,106,72,1,2,14,14,82,16,"just",4,49,0,0,2642,0,3,35,0,NA,1,"undersweep","C:/Data/corr_sacc/asc/JITT2.asc",0,0,65,7,1491.8,449,516.5,66,1,16,1,4978458,101,11,NA,4977139,4977139,4977142,3,3,"SFIX",4977278,-136,0
"102",2442,2,53,3,12,5040760,5040861,559.8,721.7,7,101,56,1,2,12,12,58,11,"woodland",2,33,0,0,1858,0,2,45,0,NA,1,"undersweep","C:/Data/corr_sacc/asc/JITT2.asc",0,0,44,7,1160.5,493.1,560.4,47,3,11,1,5040703,102,12,NA,5040726,5040726,5040728,2,2,"SFIX",5040760,-32,1
"103",2477,2,47,3,13,5069779,5069967,457.4,714.5,14,188,27,1,2,15,15,68,6,"perfect",6,8,0,0,2777,0,1,49,1,NA,1,"accurate","C:/Data/corr_sacc/asc/JITT2.asc",0,1,59,18,1402.6,663.5,526.6,62,35,6,NA,5069751,103,13,NA,5069661,5069661,5069662,1,1,"SFIX",5069678,-16,0
"104",2501,2,57,1,14,5079840,5079950,444.2,710.9,8,110,54,1,2,11,11,62,11,"alcohol",3,38,0,0,1809,0,2,38,0,NA,1,"undersweep","C:/Data/corr_sacc/asc/JITT2.asc",0,0,49,6,1127.2,344,500.1,51,2,11,1,5079785,104,14,NA,5079819,5079819,5079821,2,2,"SFIX",5079840,-19,1
"105",2526,2,9,1,15,5090451,5090550,545.6,687.8,12,99,60,1,2,12,12,64,11,"barking",6,39,0,0,2515,0,2,39,0,NA,1,"undersweep","C:/Data/corr_sacc/asc/JITT2.asc",0,0,50,6,1245.1,451.1,517.7,53,3,11,1,5090390,105,15,NA,5090425,5090425,5090430,5,5,"SFIX",5090451,-21,1
"106",2552,2,31,2,16,5099829,5099917,469,673.4,15,88,63,1,2,13,13,67,14,"already",7,38,0,0,3352,0,3,70,0,NA,1,"undersweep","C:/Data/corr_sacc/asc/JITT2.asc",0,0,52,6,1145.5,330.7,542.7,53,1,14,1,5099765,106,16,NA,5099801,5099801,5099807,6,6,"SFIX",5099829,-22,1
"107",2581,2,18,1,17,5121363,5121454,490.4,737.1,14,91,71,1,2,18,18,78,13,"towards",2,49,0,0,3495,0,3,47,0,NA,1,"undersweep","C:/Data/corr_sacc/asc/JITT2.asc",0,0,62,6,1361,369.3,544.9,65,3,13,1,5121291,107,17,NA,5120795,5120795,5120796,1,1,"SFIX",5120820,-24,0
"108",2615,2,75,1,18,5133888,5133984,407.2,679.6,14,96,58,1,2,12,12,64,11,"long",0,36,0,0,3825,0,3,37,0,NA,1,"undersweep","C:/Data/corr_sacc/asc/JITT2.asc",0,0,47,5,1051,301.1,514.4,53,6,11,1,5133829,108,18,NA,5133860,5133860,5133862,2,2,"SFIX",5133888,-26,1
"109",2660,2,71,3,19,5160905,5161031,411.9,704.1,12,126,32,1,2,13,13,64,9,"after",4,7,0,0,3236,0,2,43,1,NA,1,"undersweep","C:/Data/corr_sacc/asc/JITT2.asc",0,1,53,6,1208.2,373,526.9,55,27,9,NA,5160872,109,19,NA,5159960,5159960,5159964,4,4,"SFIX",5160087,-123,0
"110",2694,2,26,3,20,5170557,5170681,501.1,724.6,13,124,61,1,2,16,16,77,12,"parents",2,53,0,0,3330,0,3,52,0,NA,1,"undersweep","C:/Data/corr_sacc/asc/JITT2.asc",0,0,65,8,1443.2,427.5,553.4,65,0,12,1,5170495,110,20,NA,5169988,5169988,5169989,1,1,"SFIX",5170125,-136,0
"111",2729,2,10,2,21,5202544,5202625,566.9,693.5,14,81,60,1,2,16,16,78,12,"Massachusetts",3,50,0,0,3846,0,3,45,0,NA,1,"undersweep","C:/Data/corr_sacc/asc/JITT2.asc",0,0,62,3,1452.1,403.4,511.7,66,4,12,1,5202483,111,21,NA,5202522,5202522,5202527,5,5,"SFIX",5202544,-17,1
"112",2752,2,77,3,22,5212179,5212299,460.1,670,9,120,50,1,2,13,13,67,12,"opinions",0,36,0,0,1999,0,3,39,0,NA,1,"undersweep","C:/Data/corr_sacc/asc/JITT2.asc",0,0,48,8,1101,387.2,521.5,55,7,12,1,5212128,112,22,NA,5212161,5212161,5212163,2,2,"SFIX",5212179,-16,1
"113",2779,2,50,3,23,5219588,5219730,413.4,699,12,142,69,1,2,14,14,72,11,"sorcerer",2,47,0,0,3212,0,2,50,0,NA,1,"undersweep","C:/Data/corr_sacc/asc/JITT2.asc",0,0,58,8,1264.5,358.2,529.6,61,3,11,1,5219518,113,23,NA,5219552,5219552,5219556,4,4,"SFIX",5219588,-32,1
"114",2834,2,69,1,24,5238149,5238232,471.4,665.6,11,83,63,1,2,15,15,69,14,"that",3,36,0,0,3193,0,4,63,0,NA,1,"undersweep","C:/Data/corr_sacc/asc/JITT2.asc",0,0,50,7,1116.9,357.4,527.3,55,5,14,1,5238085,114,24,NA,5237143,5237143,5237144,1,1,"SFIX",5237154,-10,0
"115",2863,2,11,3,25,5245678,5245791,497.2,702,13,113,53,1,2,15,15,65,11,"they",3,20,0,0,3549,0,3,34,0,NA,1,"undersweep","C:/Data/corr_sacc/asc/JITT2.asc",0,0,31,7,866.6,430.1,519.9,54,23,11,1,5245624,115,25,NA,5244172,5244172,5244173,1,1,"SFIX",5244293,-120,0
"116",2900,2,15,1,26,5266510,5266609,498.5,689.9,15,99,65,1,2,15,14,64,11,"in",0,39,0,0,4131,1,3,47,0,NA,1,"undersweep","C:/Data/corr_sacc/asc/JITT2.asc",0,0,50,4,1211.3,379.2,526.9,53,3,11,1,5266444,116,26,NA,5266064,5266064,5266065,1,1,"SFIX",5266089,-24,0
"117",2930,2,44,3,27,5280772,5280875,534.5,712.6,9,103,61,1,2,10,10,66,11,"teacher",3,38,0,0,2673,0,2,44,0,NA,1,"undersweep","C:/Data/corr_sacc/asc/JITT2.asc",0,0,49,6,1225.1,452,542.2,55,6,11,1,5280710,117,27,NA,5280741,5280741,5280744,3,3,"SFIX",5280772,-28,1
"118",2972,2,51,1,28,5319265,5319451,405.2,726.5,11,186,64,1,2,10,10,63,8,"stunning",8,44,0,0,2712,0,1,50,0,NA,1,"undersweep","C:/Data/corr_sacc/asc/JITT2.asc",0,0,52,4,1196.1,337.7,560.1,55,3,8,1,5319200,118,28,NA,5317878,5317878,5317880,2,2,"SFIX",5317996,-116,0
"119",2998,2,66,1,29,5340471,5340576,572.6,734.2,12,105,74,1,2,19,19,78,12,"I",0,51,0,0,2836,0,4,54,0,NA,1,"undersweep","C:/Data/corr_sacc/asc/JITT2.asc",0,0,63,6,1494.1,467.3,534.4,66,3,12,1,5340396,119,29,NA,5340429,5340429,5340431,2,2,"SFIX",5340471,-40,1
"120",3032,2,61,2,30,5518135,5518232,403.2,765,8,97,61,1,2,14,14,64,10,"gentle",6,38,0,0,2193,0,2,35,0,NA,1,"undersweep","C:/Data/corr_sacc/asc/JITT2.asc",0,0,48,3,1091.2,270.5,564.7,54,6,10,1,5518073,120,30,NA,5518097,5518097,5518098,1,1,"SFIX",5518135,-37,1
"121",3064,2,81,1,31,5534429,5534550,416.9,724.6,9,121,51,1,2,12,12,64,10,"parents",4,37,0,0,2300,0,2,60,0,NA,1,"undersweep","C:/Data/corr_sacc/asc/JITT2.asc",0,0,47,4,1085.9,317.3,529.4,54,7,10,1,5534377,121,31,NA,5533378,5533378,5533379,1,1,"SFIX",5533513,-134,0
"122",3094,2,32,3,32,5542170,5542271,616.3,718.7,10,101,64,1,2,16,16,81,14,"whole",4,53,0,0,2468,0,3,46,0,NA,1,"undersweep","C:/Data/corr_sacc/asc/JITT2.asc",0,0,67,7,1573.2,493.9,539.1,67,0,14,1,5542105,122,32,NA,5541600,5541600,5541604,4,4,"SFIX",5541731,-127,0
"123",3115,2,63,1,33,5550446,5550546,478.3,712.3,8,100,60,1,2,11,11,66,12,"preparation",9,39,0,0,2221,0,2,35,0,NA,1,"undersweep","C:/Data/corr_sacc/asc/JITT2.asc",0,0,51,5,1187.1,362.6,513.8,54,3,12,1,5550385,123,33,NA,5549758,5549758,5549759,1,1,"SFIX",5549909,-150,0
"124",3133,2,25,2,34,5572279,5572375,453.8,670.6,8,96,57,1,2,13,13,66,12,"by",0,37,0,0,2833,0,3,45,0,NA,1,"undersweep","C:/Data/corr_sacc/asc/JITT2.asc",0,0,49,4,1122.4,319,499.9,54,5,12,1,5572221,124,34,NA,5572253,5572253,5572256,3,3,"SFIX",5572279,-23,1
"125",3162,2,12,1,35,5608242,5608348,363.2,763.9,14,106,25,1,2,15,15,69,4,"move",4,8,0,0,3284,0,1,46,1,NA,1,"undersweep","C:/Data/corr_sacc/asc/JITT2.asc",0,1,62,NA,1407.7,294.4,584.4,65,34,4,NA,5608216,125,35,NA,5608090,5608090,5608092,2,2,"SFIX",5608139,-47,0
"126",3200,2,84,1,36,5635848,5635955,538.4,721.4,13,107,64,1,2,13,13,76,10,"three",5,54,0,0,2994,0,2,66,0,NA,1,"undersweep","C:/Data/corr_sacc/asc/JITT2.asc",0,0,64,4,1509,431,533.5,66,2,10,1,5635783,126,36,NA,5635821,5635821,5635825,4,4,"SFIX",5635848,-23,1
"127",3230,2,70,2,37,5645836,5645923,479.4,676.8,12,87,71,1,2,16,16,74,8,"commotion",1,51,0,0,3403,0,3,68,0,NA,1,"undersweep","C:/Data/corr_sacc/asc/JITT2.asc",0,0,59,2,1397.9,370,540.2,66,7,8,1,5645764,127,37,NA,5645806,5645806,5645807,1,1,"SFIX",5645836,-29,1
"128",3263,2,82,2,38,5659168,5659291,352.5,761.2,14,123,48,1,2,12,12,71,6,"she",0,7,0,0,3740,0,2,66,0,NA,1,"undersweep","C:/Data/corr_sacc/asc/JITT2.asc",0,0,13,2,474.8,272.7,526.9,65,52,6,1,5659119,128,38,NA,5659138,5659138,5659139,1,1,"SFIX",5659168,-29,1
"129",3291,2,42,1,39,5667982,5668088,499.4,752.5,8,106,60,1,2,17,17,80,15,"scene",0,47,0,0,2272,0,4,41,0,NA,1,"undersweep","C:/Data/corr_sacc/asc/JITT2.asc",0,0,62,6,1342.3,346.2,536.4,65,3,15,1,5667921,129,39,NA,5667955,5667955,5667958,3,3,"SFIX",5667982,-24,1
"130",3312,2,41,3,40,5705999,5706096,603.1,714.5,9,97,64,1,2,16,16,67,12,"have",1,37,0,0,2004,0,4,42,0,NA,1,"undersweep","C:/Data/corr_sacc/asc/JITT2.asc",0,0,49,5,1267.3,478.9,545,55,6,12,1,5705934,130,40,NA,5705963,5705963,5705968,5,5,"SFIX",5705999,-31,1
"131",3354,2,6,1,41,5741301,5741384,489.9,728.4,13,83,51,1,2,14,14,79,13,"was",1,42,0,0,4268,0,3,53,0,NA,1,"undersweep","C:/Data/corr_sacc/asc/JITT2.asc",0,0,55,6,1237.7,352.5,551.3,66,11,13,1,5741249,131,41,NA,5740079,5740079,5740085,6,6,"SFIX",5740152,-67,0
"132",3400,2,24,1,42,5758779,5758862,467.6,709,19,83,71,1,2,14,14,74,9,"disappointed",4,52,0,0,4567,0,2,69,0,NA,1,"undersweep","C:/Data/corr_sacc/asc/JITT2.asc",0,0,61,2,1397.8,335.2,525,65,4,9,1,5758707,132,42,NA,5757296,5757296,5757297,1,1,"SFIX",5757322,-25,0
"133",3438,2,79,2,43,5772053,5772151,529.1,686.6,10,98,60,1,2,13,13,62,9,"after",1,38,0,0,2202,0,2,44,0,NA,1,"undersweep","C:/Data/corr_sacc/asc/JITT2.asc",0,0,47,3,1216.8,418,528.8,53,6,9,1,5771992,133,43,NA,5770891,5770891,5770893,2,2,"SFIX",5770927,-34,0
"134",3466,2,4,2,44,5782455,5782556,588.1,732,7,101,59,1,2,15,15,82,15,"enjoyed",7,48,0,0,2953,0,3,40,0,NA,1,"undersweep","C:/Data/corr_sacc/asc/JITT2.asc",0,0,63,6,1460,421.9,556.3,67,4,15,1,5782395,134,44,NA,5782425,5782425,5782427,2,2,"SFIX",5782455,-28,1
"135",3494,2,13,2,45,5793328,5793483,288.9,738.7,10,155,24,2,2,12,12,59,4,"he",1,8,0,0,2225,0,2,46,1,NA,1,"undersweep","C:/Data/corr_sacc/asc/JITT2.asc",0,1,47,NA,1063.4,215.7,524.7,55,34,4,NA,5793303,135,45,NA,5793190,5793190,5793196,6,6,"SFIX",5793225,-29,0
"136",3517,2,17,3,46,5866225,5866358,513.8,693.3,8,133,65,1,2,12,12,63,9,"bothered",5,38,0,0,1773,0,2,61,0,NA,1,"undersweep","C:/Data/corr_sacc/asc/JITT2.asc",0,0,47,6,1198.1,466,537.6,54,7,9,1,5866159,136,46,NA,5866191,5866191,5866194,3,3,"SFIX",5866225,-31,1
"137",3558,2,30,1,47,5901047,5901198,448.2,758.6,11,151,73,1,2,14,14,75,8,"the",1,59,0,0,3759,0,2,40,0,NA,1,"undersweep","C:/Data/corr_sacc/asc/JITT2.asc",0,0,67,5,1502.9,384.7,544.2,67,0,8,1,5900973,137,47,NA,5901013,5901013,5901019,6,6,"SFIX",5901047,-28,1
"138",3592,2,72,1,48,5943909,5944000,477.3,706.2,10,91,70,1,2,15,15,78,12,"friend",0,48,0,0,2504,0,4,42,0,NA,1,"undersweep","C:/Data/corr_sacc/asc/JITT2.asc",0,0,60,4,1346.1,333.6,514.2,66,6,12,1,5943838,138,48,NA,5943875,5943875,5943877,2,2,"SFIX",5943909,-32,1
"139",3618,2,87,1,49,5953538,5953654,346.8,736.1,12,116,66,1,2,14,14,61,7,"he",1,44,0,0,3326,0,2,63,0,NA,1,"undersweep","C:/Data/corr_sacc/asc/JITT2.asc",0,0,51,3,1146.3,286,536.5,54,3,7,1,5953471,139,49,NA,5953502,5953502,5953502,0,0,"SFIX",5953538,-36,1
"140",3645,2,90,1,50,6017959,6018081,419.2,743.1,11,122,71,1,2,12,12,74,9,"fluently,",9,55,0,0,3348,0,1,66,0,NA,1,"undersweep","C:/Data/corr_sacc/asc/JITT2.asc",0,0,64,4,1409.1,331.7,555.9,65,1,9,1,6017887,140,50,NA,6016164,6016164,6016166,2,2,"SFIX",6016263,-97,0
"141",3666,2,33,1,51,6024368,6024452,691.9,728.4,8,84,63,1,2,13,13,71,18,"garden",6,34,0,0,1788,0,4,45,0,NA,1,"undersweep","C:/Data/corr_sacc/asc/JITT2.asc",0,0,52,9,1302.8,537.9,565,53,1,18,1,6024304,141,51,NA,6024325,6024325,6024326,1,1,"SFIX",6024368,-42,1
"142",3689,2,1,2,52,6033246,6033357,504.6,739.8,8,111,52,1,2,12,12,64,10,"fans",4,42,0,0,2239,0,2,63,0,NA,1,"undersweep","C:/Data/corr_sacc/asc/JITT2.asc",0,0,52,4,1267.4,394,557.1,54,2,10,1,6033193,142,52,NA,6033228,6033228,6033230,2,2,"SFIX",6033246,-16,1
"143",3716,2,39,1,53,6041958,6042049,383.6,711.3,8,91,66,1,2,14,14,64,10,"a",0,41,0,0,1984,0,3,45,0,NA,1,"undersweep","C:/Data/corr_sacc/asc/JITT2.asc",0,0,51,5,1117.6,290.7,514.7,54,3,10,1,6041891,143,53,NA,6041924,6041924,6041927,3,3,"SFIX",6041958,-31,1
"144",3742,2,60,1,54,6064281,6064388,402.8,700.8,7,107,64,1,2,12,12,69,11,"decoration",0,41,0,0,1824,0,2,46,0,NA,1,"undersweep","C:/Data/corr_sacc/asc/JITT2.asc",0,0,52,6,1143,308.8,532,58,6,11,1,6064216,144,54,NA,6063632,6063632,6063638,6,6,"SFIX",6063749,-111,0
"145",3788,2,67,2,55,6082502,6082615,446.5,725.6,25,113,66,1,2,13,13,64,10,"great",2,40,0,0,5768,1,3,45,0,NA,1,"undersweep","C:/Data/corr_sacc/asc/JITT2.asc",0,0,50,5,1175.8,356.9,495.2,54,4,10,1,6082435,145,55,NA,6082472,6082472,6082473,1,1,"SFIX",6082502,-29,1
"146",3813,2,34,2,56,6091479,6091593,334.8,706.7,16,114,30,1,2,14,14,71,5,"were",1,6,0,0,5052,0,2,55,1,NA,1,"undersweep","C:/Data/corr_sacc/asc/JITT2.asc",0,1,57,2,1265,286.7,485.8,66,44,5,NA,6091448,146,56,NA,6091346,6091346,6091347,1,1,"SFIX",6091375,-28,0
"147",3857,2,20,3,57,6106266,6106458,338.3,716.3,13,192,75,1,2,13,13,73,7,"a",0,57,0,0,3316,0,3,37,0,NA,1,"accurate","C:/Data/corr_sacc/asc/JITT2.asc",0,0,64,16,1359,504.6,532.7,66,2,7,0,6106190,147,57,NA,6106229,6106229,6106231,2,2,"SFIX",6106266,-35,1
"148",3878,2,21,1,58,6135145,6135239,452.8,719.9,9,94,52,1,2,14,14,65,11,"flushed",3,39,0,0,2089,0,3,39,0,NA,1,"undersweep","C:/Data/corr_sacc/asc/JITT2.asc",0,0,50,5,1156.6,343.7,539.2,54,4,11,1,6135092,148,58,NA,6135120,6135120,6135121,1,1,"SFIX",6135145,-24,1
"149",3899,2,56,3,59,6144014,6144146,404.1,704.6,11,132,52,1,2,11,11,62,9,"pastries",0,42,0,0,3018,0,2,41,0,NA,1,"undersweep","C:/Data/corr_sacc/asc/JITT2.asc",0,0,51,5,1160.6,342.7,521.4,53,2,9,1,6143961,149,59,NA,6143995,6143995,6143996,1,1,"SFIX",6144014,-18,1
"150",3925,2,68,3,60,6167554,6167673,375,710.2,15,119,73,1,2,16,16,76,9,"order",1,56,0,0,3395,0,3,59,0,NA,1,"undersweep","C:/Data/corr_sacc/asc/JITT2.asc",0,0,65,5,1379.4,289.6,519.1,67,2,9,1,6167480,150,60,NA,6167522,6167522,6167524,2,2,"SFIX",6167554,-30,1
"151",3949,2,35,3,61,6344094,6344304,350.1,710.9,7,210,26,1,2,12,12,61,7,"inside",0,7,0,0,1861,0,2,51,1,NA,1,"accurate","C:/Data/corr_sacc/asc/JITT2.asc",0,1,48,20,1078.6,581.6,515.2,54,37,7,NA,6344067,151,61,NA,6343958,6343958,6343960,2,2,"SFIX",6343991,-31,0
"152",3971,2,58,2,62,6354956,6355077,444.9,712.7,8,121,25,1,2,9,9,54,7,"internet",7,7,0,0,3616,0,1,32,1,NA,1,"undersweep","C:/Data/corr_sacc/asc/JITT2.asc",0,1,45,2,1125.3,353.3,540.5,47,18,7,NA,6354930,152,62,NA,6354823,6354823,6354830,7,7,"SFIX",6354851,-21,0
"153",3998,2,80,3,63,6366384,6366529,402.9,759.6,15,145,24,1,2,13,13,73,8,"she",3,6,0,0,3400,0,2,37,1,NA,1,"accurate","C:/Data/corr_sacc/asc/JITT2.asc",0,1,63,17,1393.9,562.4,530.3,65,23,8,NA,6366359,153,63,NA,6364431,6364431,6364433,2,2,"SFIX",6364549,-116,0
"154",4020,2,49,2,64,6379570,6379680,418.4,689.9,9,110,54,1,2,10,10,51,10,"valuable",1,26,0,0,3791,0,2,56,0,NA,1,"undersweep","C:/Data/corr_sacc/asc/JITT2.asc",0,0,36,3,896.6,307.3,500.5,41,5,10,1,6379515,154,64,NA,6379547,6379547,6379549,2,2,"SFIX",6379570,-21,1
"155",4038,2,43,2,65,6401595,6401702,402.9,764.9,7,107,68,1,2,10,10,63,11,"cocktails",1,38,0,0,1962,0,2,43,0,NA,1,"undersweep","C:/Data/corr_sacc/asc/JITT2.asc",0,0,49,5,1088.9,288.9,552.2,52,3,11,1,6401526,155,65,NA,6401548,6401548,6401550,2,2,"SFIX",6401595,-45,1
"156",4071,2,23,3,66,6414739,6414840,505.3,772.4,11,101,64,1,2,16,16,69,15,"biological",4,NA,0,0,2703,0,4,46,0,NA,1,"undersweep","C:/Data/corr_sacc/asc/JITT2.asc",0,0,NA,9,1237.3,395.3,571.5,54,NA,15,1,6414674,156,66,NA,6413080,6413080,6413082,2,2,"SFIX",6413200,-118,0
"157",4099,2,64,2,67,6424550,6424655,392.6,749.4,15,105,72,1,2,14,14,74,8,"protect",4,54,0,0,3816,0,2,51,0,NA,1,"undersweep","C:/Data/corr_sacc/asc/JITT2.asc",0,0,62,3,1357.5,295.6,559.9,66,4,8,1,6424477,157,67,NA,6424504,6424504,6424505,1,1,"SFIX",6424550,-45,1
"158",4121,2,37,2,68,6443717,6443857,378.5,718.4,9,140,62,1,2,12,12,61,6,"be",0,41,0,0,2198,0,2,49,0,NA,1,"undersweep","C:/Data/corr_sacc/asc/JITT2.asc",0,0,47,2,1114.5,292.6,537.7,55,8,6,1,6443654,158,68,NA,6442490,6442490,6442491,1,1,"SFIX",6442608,-117,0
"159",4141,2,36,1,69,6451716,6451828,542.9,741.2,7,112,75,1,2,14,14,76,11,"overlooking",11,51,0,0,1896,0,1,52,0,NA,1,"undersweep","C:/Data/corr_sacc/asc/JITT2.asc",0,0,62,5,1454.3,432,555.1,65,3,11,1,6451640,159,69,NA,6450805,6450805,6450809,4,4,"SFIX",6450904,-95,0
"160",4163,2,89,3,70,6491963,6492119,476.3,681.8,7,156,48,1,2,13,13,67,13,"accidentally",5,37,0,0,2234,0,3,44,0,NA,1,"undersweep","C:/Data/corr_sacc/asc/JITT2.asc",0,0,50,9,1132.5,401.8,502.6,54,4,13,1,6491914,160,70,NA,6491945,6491945,6491947,2,2,"SFIX",6491963,-16,1
"161",4183,2,52,2,71,6497193,6497357,911.9,667.4,3,164,53,1,2,17,17,101,40,"demolish",3,27,0,0,1078,0,6,58,0,NA,1,"undersweep","C:/Data/corr_sacc/asc/JITT2.asc",0,0,13,20,436.3,553.3,457.1,61,48,40,1,6497139,161,71,NA,6497185,6497185,6497187,2,2,"SFIX",6497193,-6,1
"162",4213,2,40,2,72,6549265,6549374,396.2,723.8,8,109,63,1,2,13,13,76,11,"another",6,50,0,0,1736,0,2,32,0,NA,1,"undersweep","C:/Data/corr_sacc/asc/JITT2.asc",0,0,61,4,1288.3,263,517.2,65,4,11,1,6549201,162,72,NA,6549238,6549238,6549239,1,1,"SFIX",6549265,-26,1
"163",4238,2,29,3,73,6563322,6563409,634.8,688.1,13,87,52,1,2,12,12,67,14,"the",2,37,0,0,3856,0,3,68,0,NA,1,"undersweep","C:/Data/corr_sacc/asc/JITT2.asc",0,0,51,9,1288.8,541.2,555.1,53,2,14,1,6563269,163,73,NA,6563293,6563293,6563295,2,2,"SFIX",6563322,-27,1
"164",4265,2,46,2,74,6586608,6586723,373.5,744.4,8,115,58,1,2,12,12,67,10,"juvenile",1,43,0,0,1726,0,2,51,0,NA,1,"undersweep","C:/Data/corr_sacc/asc/JITT2.asc",0,0,53,4,1151.8,268.7,559.8,57,4,10,1,6586549,164,74,NA,6586581,6586581,6586582,1,1,"SFIX",6586608,-26,1
"165",4289,2,54,1,75,6594731,6594838,493,732.6,9,107,67,1,2,12,12,66,10,"substance",0,45,0,0,2018,0,2,52,0,NA,1,"undersweep","C:/Data/corr_sacc/asc/JITT2.asc",0,0,55,5,1307.2,409.2,560.7,56,1,10,1,6594663,165,75,NA,6594443,6594443,6594445,2,2,"SFIX",6594537,-92,0
"166",4325,2,62,3,76,6640137,6640377,408.7,742.7,15,240,74,1,2,15,15,77,10,"the",3,54,0,0,3549,0,2,37,0,NA,1,"accurate","C:/Data/corr_sacc/asc/JITT2.asc",0,0,64,16,1382.1,518.5,519.8,67,3,10,0,6640062,166,76,NA,6640092,6640092,6640093,1,1,"SFIX",6640137,-44,1
"167",4346,2,16,2,77,6649638,6649744,372.4,738,12,106,58,1,2,15,15,77,10,"probably",6,49,0,0,2754,0,2,67,0,NA,1,"undersweep","C:/Data/corr_sacc/asc/JITT2.asc",0,0,59,4,1258.2,262.7,542.8,67,8,10,1,6649579,167,77,NA,6648205,6648205,6648206,1,1,"SFIX",6648306,-100,0
"168",4380,2,14,3,78,6726412,6726539,473.3,766.8,15,127,31,1,2,14,14,71,6,"had",2,7,0,0,3560,0,2,56,0,NA,1,"accurate","C:/Data/corr_sacc/asc/JITT2.asc",0,1,62,20,1481,727.4,534.6,65,43,6,NA,6726380,168,78,NA,6726271,6726271,6726272,1,1,"SFIX",6726312,-40,0
"169",4414,2,45,1,79,6738590,6738679,582.3,721.9,10,89,71,1,2,13,13,79,13,"burglar",5,52,0,0,2588,0,2,54,0,NA,1,"undersweep","C:/Data/corr_sacc/asc/JITT2.asc",0,0,65,6,1513.7,465.9,556.4,66,1,13,1,6738518,169,79,NA,6738546,6738546,6738548,2,2,"SFIX",6738590,-42,1
"170",4469,2,55,2,80,6763018,6763132,375.9,703.3,15,114,60,1,2,9,9,58,7,"intriguing",7,38,0,0,3753,0,1,45,0,NA,1,"undersweep","C:/Data/corr_sacc/asc/JITT2.asc",0,0,45,1,1054.2,270.4,551.3,51,6,7,1,6762957,170,80,NA,6760197,6760197,6760198,1,1,"SFIX",6760312,-114,0
"171",4487,2,59,3,81,6770890,6770996,457.8,678.6,9,106,57,1,2,13,13,59,10,"delicious,",0,30,0,0,2044,0,2,39,0,NA,1,"undersweep","C:/Data/corr_sacc/asc/JITT2.asc",0,0,40,6,1003.5,401.1,535.7,49,9,10,1,6770832,171,81,NA,6769872,6769872,6769874,2,2,"SFIX",6769908,-34,0
"172",4508,2,73,2,82,6787057,6787172,525,617.1,9,115,61,1,2,10,2,61,8,"playing",0,39,0,0,2571,1,3,42,0,NA,1,"undersweep","C:/Data/corr_sacc/asc/JITT2.asc",0,0,47,2,1234.3,420.6,466.8,53,6,8,1,6786995,172,82,NA,6785540,6785540,6785541,1,1,"SFIX",6785577,-36,0
"173",4534,2,78,1,83,6808819,6808929,546.5,699.3,13,110,59,1,2,14,14,78,12,"to",1,52,0,0,3211,0,3,38,0,NA,1,"undersweep","C:/Data/corr_sacc/asc/JITT2.asc",0,0,64,5,1478.4,418.3,542.8,66,2,12,1,6808759,173,83,NA,6808795,6808795,6808796,1,1,"SFIX",6808819,-23,1
"174",4573,2,85,2,84,6824972,6825073,547.1,744.8,7,101,68,1,2,14,14,68,13,"just",1,41,0,0,2692,0,4,49,0,NA,1,"undersweep","C:/Data/corr_sacc/asc/JITT2.asc",0,0,54,6,1292.1,427.8,552.2,55,1,13,1,6824903,174,84,NA,6824930,6824930,6824935,5,5,"SFIX",6824972,-37,1
"175",4611,2,7,2,85,6855952,6856051,475,708.1,6,99,62,1,2,14,14,63,9,"light",1,38,0,0,1681,0,3,40,0,NA,1,"undersweep","C:/Data/corr_sacc/asc/JITT2.asc",0,0,47,2,1167.7,359.8,545.4,54,7,9,1,6855889,175,85,NA,6855913,6855913,6855914,1,1,"SFIX",6855952,-38,1
"176",4638,2,38,3,86,6864112,6864286,446.5,674.4,12,174,72,1,2,18,18,74,8,"park",1,56,0,0,2544,0,3,49,0,NA,1,"undersweep","C:/Data/corr_sacc/asc/JITT2.asc",0,0,64,5,1445,381.3,489.8,66,2,8,1,6864039,176,86,NA,6863398,6863398,6863401,3,3,"SFIX",6863444,-43,0
"177",4667,2,48,1,87,6911640,6911748,331.4,660.6,8,108,60,1,2,9,9,55,8,"fantastic",8,35,0,0,2834,0,1,47,0,NA,1,"undersweep","C:/Data/corr_sacc/asc/JITT2.asc",0,0,43,4,966.2,254.3,505.8,47,4,8,1,6911579,177,87,NA,6911612,6911612,6911616,4,4,"SFIX",6911640,-24,1
"178",4689,2,76,2,88,6930822,6930929,549.4,676.6,10,107,66,1,2,14,14,79,14,"very",4,46,0,0,3423,0,3,45,0,NA,1,"undersweep","C:/Data/corr_sacc/asc/JITT2.asc",0,0,60,3,1384,365.1,554,65,5,14,1,6930755,178,88,NA,6930790,6930790,6930791,1,1,"SFIX",6930822,-31,1
"179",4715,2,8,3,89,6938204,6938292,414.1,675.1,8,88,61,1,2,17,17,77,12,"whole",2,42,0,0,2264,0,3,66,0,NA,1,"undersweep","C:/Data/corr_sacc/asc/JITT2.asc",0,0,54,6,1157.2,298.1,488.6,65,11,12,1,6938142,179,89,NA,6938186,6938186,6938187,1,1,"SFIX",6938204,-17,1
"180",4740,2,28,2,90,6962053,6962157,423.1,761.1,8,104,65,1,2,13,13,76,11,"but",1,50,0,0,3845,0,2,70,0,NA,1,"undersweep","C:/Data/corr_sacc/asc/JITT2.asc",0,0,61,5,1312.2,311.8,571.9,65,4,11,1,6961987,180,90,NA,6962009,6962009,6962015,6,6,"SFIX",6962053,-38,1
